student_id,student_name,attendance,quiz_avg,assignment_rate,internal_marks_1,internal_marks_2,previous_percentage,final_result
100,Vikas Singh,32,3.9,67,11,12,67,1
101,Rohini Gupta,36,6.0,53,25,17,52,1
102,Madhu Sharma,63,7.9,47,14,24,56,0
103,Sushma Devi,90,6.6,86,17,10,82,0
104,Saurabh Gupta,88,5.8,50,12,14,87,0
105,Sandeep Yadav,61,6.8,85,16,17,57,0
106,Arjun Yadav,90,6.8,53,9,23,84,0
107,Anand Kumar,57,3.0,45,13,24,80,1
108,Akash Patel,69,8.3,44,12,11,79,0
109,Pallavi Mishra,90,8.7,61,9,20,70,1
110,Sarita Devi,48,8.6,56,24,19,68,1
111,Sunita Devi,48,3.5,51,10,21,76,1
112,Yogesh Gupta,80,6.0,92,21,24,89,1
113,Amit Verma,63,7.9,77,23,24,76,1
114,Mohit Yadav,41,3.3,95,24,23,82,0
115,Chandan Singh,36,2.8,89,19,25,66,1
116,Priyanka Singh,67,5.4,41,10,20,55,1
117,Bhavna Gupta,67,8.4,42,19,15,89,1
118,Dinesh Yadav,79,2.6,85,14,9,68,0
119,Dinesh Yadav,71,3.4,74,15,9,57,1
120,Neha Gupta,62,8.3,81,24,15,68,0
121,Savita Singh,50,2.7,48,16,16,57,1
122,Rajesh Yadav,75,8.8,45,20,25,76,0
123,Kavita Singh,90,3.6,59,15,8,50,1
124,Neetu Singh,60,5.6,50,15,8,59,1
125,Alok Verma,31,6.9,40,9,8,89,1
126,Kamlesh Yadav,57,4.3,60,15,22,56,1
127,Rajesh Yadav,79,7.0,49,19,25,90,0
128,Sandeep Yadav,77,2.1,56,10,15,52,1
129,Ankit Sharma,67,6.5,59,25,11,90,0
130,Karan Gupta,36,4.5,78,17,20,64,1
131,Ravindra Singh,40,2.8,55,12,11,56,1
132,Shreya Gupta,31,3.7,42,16,25,52,1
133,Rahul Sharma,46,2.9,44,8,12,79,1
134,Anand Kumar,72,3.0,67,12,13,65,1
135,Nikhil Verma,31,4.1,72,17,24,80,0
136,Harsh Patel,50,7.7,52,21,20,70,1
137,Vinay Sharma,85,5.1,70,18,20,86,1
138,Pankaj Kumar,37,3.1,50,12,24,74,1
139,Nidhi Sharma,79,7.2,44,19,17,56,0
140,Mahesh Verma,39,7.7,74,12,25,56,0
141,Sarita Devi,31,5.2,57,25,9,66,1
142,Yogesh Gupta,90,4.1,42,9,9,68,1
143,Dinesh Yadav,76,6.6,73,21,15,59,0
144,Nikhil Verma,78,3.9,82,24,23,67,1
145,Anuradha Singh,51,7.3,64,25,12,70,1
146,Shreya Gupta,44,3.4,42,10,19,53,1
147,Ravindra Singh,38,5.5,62,17,18,90,0
148,Gaurav Singh,89,7.8,89,18,8,72,0
149,Deepika Singh,55,5.5,65,23,8,83,0
150,Sachin Patel,91,2.2,74,8,16,86,0
151,Anjali Verma,83,3.1,91,12,22,90,0
152,Kamlesh Yadav,62,8.7,83,21,15,68,1
153,Amit Verma,81,6.3,75,19,24,62,0
154,Shashi Kumar,87,3.4,87,21,16,75,0
155,Aman Verma,67,8.7,84,15,25,71,0
156,Akash Patel,90,4.8,86,13,16,61,0
157,Vivek Singh,82,2.3,67,14,15,62,1
158,Varun Singh,36,3.0,84,15,16,90,1
159,Anand Kumar,33,5.6,57,12,15,74,1
160,Rekha Verma,49,6.6,84,25,10,75,0
161,Sunil Sharma,42,5.2,95,10,18,86,0
162,Sunil Sharma,46,2.5,70,24,22,78,1
163,Alok Verma,46,6.1,75,15,20,86,0
164,Rohini Gupta,47,4.0,59,18,20,80,1
165,Vishal Gupta,67,4.8,44,14,9,55,1
166,Komal Yadav,78,5.9,48,22,10,74,1
167,Chandan Singh,84,3.3,91,16,16,70,0
168,Vishal Gupta,93,2.2,72,18,20,71,0
169,Madhu Sharma,81,6.8,50,23,17,82,0
170,Lokesh Gupta,93,5.1,68,8,24,63,1
171,Meena Yadav,38,5.8,83,25,9,69,1
172,Lata Gupta,90,8.1,68,23,18,51,0
173,Geeta Devi,48,4.2,74,8,10,72,1
174,Priya Singh,84,8.0,46,12,10,61,0
175,Rakesh Kumar,30,8.2,57,25,12,73,1
176,Shreya Gupta,93,4.9,63,9,11,84,0
177,Dinesh Yadav,84,8.7,94,17,20,89,0
178,Sarita Devi,62,3.9,41,10,17,72,1
179,Priti Sharma,37,8.1,85,19,18,69,1
180,Pooja Mishra,45,7.3,40,21,15,88,1
181,Rahul Sharma,85,4.5,51,21,24,78,1
182,Neetu Singh,75,8.3,74,23,23,61,0
183,Babita Sharma,49,3.5,80,15,13,60,1
184,Geeta Devi,82,8.8,52,10,24,90,1
185,Akash Patel,62,4.0,66,22,18,87,0
186,Mukesh Kumar,34,8.4,46,10,15,69,1
187,Deepak Kumar,31,2.0,60,24,22,90,1
188,Vivek Singh,58,7.1,64,22,23,76,1
189,Sunil Sharma,35,7.1,71,21,21,90,0
190,Anita Verma,89,3.4,91,24,15,72,0
191,Aditya Sharma,48,4.7,52,19,22,76,0
192,Priyanka Singh,39,8.7,67,20,18,83,0
193,Sonal Gupta,78,8.6,93,8,18,87,0
194,Seema Singh,91,2.9,61,9,22,65,0
195,Ravi Patel,84,2.9,41,24,13,90,0
196,Aman Verma,34,8.7,46,24,24,51,1
197,Rakesh Kumar,49,7.4,91,13,25,54,0
198,Preeti Mishra,60,2.6,50,13,23,75,1
199,Neetu Singh,40,3.8,58,17,9,62,1
200,Shivani Gupta,43,6.0,41,17,14,77,1
201,Priyanka Singh,70,7.2,81,14,20,71,1
202,Karan Gupta,42,7.7,73,18,15,90,0
203,Sandeep Yadav,50,4.4,77,9,24,52,1
204,Deepika Singh,66,5.3,76,14,25,67,0
205,Alok Verma,95,8.9,41,18,10,60,0
206,Shashi Kumar,76,8.6,75,11,14,72,1
207,Sarita Devi,72,3.3,64,22,17,74,1
208,Madhu Sharma,88,5.9,42,18,14,85,0
209,Vikas Singh,74,7.2,62,10,13,62,0
210,Aarti Patel,95,4.4,53,21,25,69,1
211,Rohit Verma,91,8.7,53,10,22,61,0
212,Rahul Sharma,91,4.9,63,15,11,56,1
213,Rohit Kumar,70,3.7,46,16,21,58,1
214,Divya Verma,49,8.3,80,16,10,70,1
215,Neha Gupta,57,2.6,75,9,16,57,1
216,Vikas Singh,33,4.6,85,8,13,90,1
217,Rajesh Yadav,63,2.3,58,23,17,51,1
218,Sunil Sharma,66,4.3,88,13,8,51,1
219,Nikhil Verma,92,4.4,51,25,8,56,0
220,Lata Gupta,31,6.9,94,15,10,63,0
221,Ankit Sharma,30,6.0,53,21,12,80,1
222,Rohit Verma,44,6.1,73,24,21,68,1
223,Reena Gupta,52,2.5,92,23,10,79,0
224,Nikhil Verma,71,5.8,45,14,22,72,0
225,Anu Sharma,62,3.4,48,13,8,62,1
226,Pooja Mishra,31,5.4,94,10,8,60,1
227,Nidhi Sharma,83,5.6,86,24,24,73,1
228,Abhishek Singh,86,5.1,64,24,8,59,1
229,Meena Yadav,92,2.3,65,8,24,82,0
230,Aditya Sharma,35,5.3,63,17,15,64,1
231,Hemant Verma,55,3.2,82,20,8,51,1
232,Kunal Yadav,50,2.8,54,13,24,67,1
233,Geeta Devi,42,7.8,44,13,20,65,1
234,Nisha Kumari,53,7.4,40,19,12,85,0
235,Alok Verma,57,5.6,61,11,24,72,0
236,Reena Gupta,88,2.2,73,14,22,80,1
237,Simran Kaur,59,7.4,70,14,10,89,0
238,Arjun Yadav,57,3.3,49,16,8,61,1
239,Saurabh Gupta,66,6.6,46,13,25,82,0
240,Kavita Singh,77,5.4,40,11,21,87,0
241,Neetu Singh,52,2.1,94,21,17,61,0
242,Savita Singh,91,2.2,60,19,8,76,0
243,Priyanka Singh,93,6.1,50,18,14,78,0
244,Simran Kaur,43,6.5,93,21,9,81,0
245,Pallavi Mishra,81,2.6,77,23,17,81,0
246,Jyoti Sharma,64,6.1,41,13,24,82,1
247,Rohit Kumar,72,6.4,63,23,24,74,0
248,Vivek Singh,73,5.2,66,19,15,80,0
249,Divya Verma,91,3.9,49,12,18,57,1
